[
  {
    "topic_id": 0,
    "terms": [
      "overlay",
      "support",
      "using",
      "immersive",
      "visualize",
      "step",
      "remote",
      "scale",
      "help worker",
      "help"
    ],
    "weights": [
      1.200788246766495,
      1.200385127213114,
      1.2003816310435202,
      1.200239893441596,
      1.2002095591730528,
      1.2001975134627838,
      1.2001330776520236,
      1.2000836257494403,
      1.1999959045264788,
      1.1999959045264788
    ]
  },
  {
    "topic_id": 1,
    "terms": [
      "real",
      "building",
      "real time",
      "model",
      "overlay",
      "cue",
      "let",
      "technician",
      "use",
      "apparel"
    ],
    "weights": [
      1.2003076382370517,
      1.2002947441570153,
      1.2002218786570358,
      1.2002209400726767,
      1.2001847239611305,
      1.2001116910570084,
      1.2000846480291327,
      1.2000648412243646,
      1.2000229090225822,
      1.199994732214981
    ]
  },
  {
    "topic_id": 2,
    "terms": [
      "let",
      "interior",
      "team",
      "repair",
      "real",
      "used",
      "buyer",
      "interior staging",
      "staging",
      "explore"
    ],
    "weights": [
      2.2005552885542277,
      1.2001730578013525,
      1.2000847028482553,
      1.2000398501276572,
      1.2000294740570971,
      1.2000192222334733,
      1.1999932098706874,
      1.1999932098706874,
      1.1999932098706874,
      1.1999932098706874
    ]
  },
  {
    "topic_id": 3,
    "terms": [
      "team",
      "collaboration",
      "engineer",
      "overlay",
      "model",
      "maintenance",
      "training reporting",
      "group",
      "three week",
      "implemented"
    ],
    "weights": [
      1.2002876589583524,
      1.2001945998258932,
      1.2001652532794098,
      1.2001356261833755,
      1.2001341411818565,
      1.2001023476545996,
      1.1999954700700173,
      1.1999954700700173,
      1.1999954700700173,
      1.1999954700700173
    ]
  },
  {
    "topic_id": 4,
    "terms": [
      "technician",
      "use",
      "remote",
      "time",
      "full",
      "full scale",
      "scale",
      "step",
      "remote assistance",
      "downtime"
    ],
    "weights": [
      2.2002423082267066,
      2.2000582721595774,
      2.2000564425672127,
      2.2000426882097157,
      2.19999096408597,
      2.19999096408597,
      2.1999060037511584,
      2.199791923469033,
      1.1999916837628253,
      1.1999916837628253
    ]
  }
]