[
  {
    "topic_id": 0,
    "terms": [
      "android",
      "platform",
      "guidance",
      "xr",
      "build",
      "openxr",
      "developer",
      "interoperable xr",
      "tutorial",
      "usage",
      "interoperable",
      "guidance build"
    ],
    "weights": [
      0.5157431315845202,
      0.41238547694476035,
      0.33004428515869316,
      0.3237591186266048,
      0.29593298988620753,
      0.282441585144265,
      0.2758740593216135,
      0.21656975729011585,
      0.2139656597104519,
      0.2139656597104519,
      0.20422653866404816,
      0.149056234235353
    ]
  },
  {
    "topic_id": 1,
    "terms": [
      "enterprise",
      "exist",
      "exist enterprise",
      "system",
      "use",
      "xr use",
      "xr",
      "article",
      "standard",
      "interoperable",
      "use cas",
      "cas acros"
    ],
    "weights": [
      0.3132231690585926,
      0.20736488043183984,
      0.20736488043183984,
      0.1865480441636094,
      0.16591085174986106,
      0.16591085174986106,
      0.1269114352987019,
      0.12569932336551812,
      0.12355037675209547,
      0.12139728411253178,
      0.12067363720261863,
      0.12067363720261863
    ]
  },
  {
    "topic_id": 2,
    "terms": [
      "xr",
      "block",
      "cros device",
      "device",
      "acros",
      "xr system",
      "interoperability",
      "interaction",
      "acros xr",
      "cros",
      "system",
      "format"
    ],
    "weights": [
      0.32666488755678497,
      0.2429284818370491,
      0.22973517392283135,
      0.22973517392283135,
      0.22061244601441934,
      0.21105504883993625,
      0.19822148771205825,
      0.19614079164885462,
      0.18401304377094255,
      0.18330562960035088,
      0.18214775013749143,
      0.12383537578068393
    ]
  },
  {
    "topic_id": 3,
    "terms": [
      "industry",
      "vendor",
      "cros vendor",
      "runtim devic",
      "runtim",
      "devic",
      "interoperability",
      "featur",
      "vr",
      "agreement",
      "technical featur",
      "vr runtim"
    ],
    "weights": [
      0.22954641870856202,
      0.22954641870856202,
      0.20097623664180517,
      0.19499978102002788,
      0.19499978102002788,
      0.17366875136798662,
      0.15899427861680412,
      0.12774109734721767,
      0.12774109734721767,
      0.12774109734721767,
      0.12774109734721767,
      0.12774109734721767
    ]
  },
  {
    "topic_id": 4,
    "terms": [
      "community",
      "implementation",
      "openxr implementation",
      "support",
      "compatibility",
      "openxr",
      "community discussion",
      "runtime",
      "question",
      "developer question",
      "question driver",
      "native openxr"
    ],
    "weights": [
      0.24243565006087858,
      0.24243565006087858,
      0.24243565006087858,
      0.2025315323093461,
      0.19903574670710836,
      0.14942625133641235,
      0.14383175693241562,
      0.14383175693241562,
      0.14383175693241562,
      0.14383175693241562,
      0.14383175693241562,
      0.14383175693241562
    ]
  }
]